filename,label
10007908.jpg,1
10007980.jpg,1
10008000.jpg,1
10008175.jpg,1
10008186.jpg,1
10008187.jpg,1
10008239.jpg,1
10023823.jpg,1
10024728.jpg,1
10032055.jpg,1
10039314.jpeg,1
10039328.jpeg,1
10039342.jpg,1
10039345.jpeg,1
10039354.jpeg,1
10039355.jpg,1
10039356.jpeg,1
10039397.jpg,1
10039518.jpg,1
10039535.jpg,1
10043128.jpg,1
10043361.jpeg,1
10043460.jpeg,1
10043461.jpeg,1
10043532.jpeg,1
10043534.jpeg,1
10043538.jpeg,1
10043539.jpeg,1
10043540.jpeg,1
10045317.jpeg,1
10046219.jpg,1
10054532.jpg,1
10075705.jpg,1
10075759.jpg,1
10076017.jpg,1
10076164.jpg,1
10076197.jpg,1
10076281.jpg,1
10076526.jpg,1
10076527.jpg,1
10076542.jpg,1
10081341.jpg,1
10081429.jpg,1
10083175.jpg,1
10083176.jpg,1
10083273.jpg,1
10083274.jpg,1
10083327.jpg,1
10083342.jpg,1
10083357.jpg,1
10083371.jpg,1
10083877.jpg,1
10084046.jpg,1
10084047.jpg,1
10084048.jpg,1
10084049.jpg,1
10084050.jpg,1
10084051.jpg,1
10084052.jpg,1
10087228.jpg,1
10087241.jpg,1
10087250.jpg,1
10087253.jpg,1
10087371.jpg,1
10089393.jpeg,1
10089735.jpg,1
10089738.jpg,1
10089747.jpg,1
10089748.jpg,1
10089753.jpg,1
10109546.jpg,1
10110655.jpg,1
10110659.jpg,1
10110665.jpg,1
10110761.jpg,1
10139474.jpg,1
10139540.jpg,1
10139612.jpg,1
10139955.jpg,1
10148610.jpg,1
10148851.jpg,1
10152267.jpg,1
10152269.jpg,1
10152274.jpg,1
10152317.jpg,1
10152361.jpg,1
10154623.jpg,1
10179441.jpeg,1
10180438.jpg,1
10180440.jpg,1
10180441.jpg,1
10180444.jpg,1
10180445.jpg,1
10180446.jpg,1
10180447.jpg,1
10181812.jpg,1
10181819.jpg,1
10181821.jpg,1
10181822.jpg,1
10181823.jpg,1
10181824.jpg,1
10181825.jpg,1
10198919.jpg,1
10201118.jpg,1
10202663.jpg,1
10203171.jpg,1
10204711.jpg,1
10204713.jpg,1
10205941.jpg,1
10205942.jpg,1
10205943.jpg,1
10206054.jpg,1
10231984.jpg,1
10232037.jpg,1
10232678.jpg,1
10234616.jpeg,1
10234656.jpeg,1
10234657.jpeg,1
10234658.jpeg,1
10234659.jpeg,1
10234665.jpeg,1
10234666.jpeg,1
10234703.jpeg,1
10235370.jpg,1
10235911.jpeg,1
10304088.jpeg,1
10304089.jpg,1
10304128.jpeg,1
10304243.jpeg,1
10304498.jpeg,1
10307068.jpg,1
10307150.jpg,1
10307151.jpg,1
10307192.jpg,1
10307194.jpg,1
10307245.jpg,1
10307271.jpg,1
10307442.jpg,1
10307447.jpg,1
10307459.jpg,1
10307465.jpg,1
10331772.jpg,1
10331779.jpg,1
10336569.jpg,1
10336965.jpg,1
10338251.jpg,1
10369277.jpg,1
10369288.jpg,1
10369290.jpg,1
10369302.jpg,1
10369306.jpg,1
10395934.jpg,1
10399337.jpg,1
10399338.jpg,1
10399339.jpg,1
10399344.jpg,1
10399360.jpg,1
10399368.jpg,1
10399370.jpg,1
10399393.jpg,1
10399396.jpg,1
10399400.jpg,1
10399401.jpg,1
10399402.jpg,1
10399407.jpg,1
10399408.jpg,1
10399425.jpg,1
10399426.jpg,1
10399435.jpg,1
10474071.jpg,1
10474072.jpg,1
10474073.jpg,1
10474076.jpg,1
10500147.jpg,1
10500218.jpg,1
10500230.jpg,1
10500903.jpg,1
10506817.jpg,1
10532124.jpg,1
10532397.jpg,1
10533380.jpeg,1
10533381.jpeg,1
10533400.jpeg,1
10533501.jpg,1
10547187.jpg,1
10547635.jpg,1
10547736.jpg,1
10547983.jpg,1
10548014.jpg,1
10548164.jpg,1
10548221.jpg,1
10573305.jpg,1
10573493.jpg,1
10573673.jpg,1
10605070.jpg,1
10605082.jpg,1
10641383.jpg,1
10641386.jpg,1
10641387.jpg,1
10641395.jpg,1
10641396.jpg,1
10641397.jpg,1
10641398.jpg,1
10642193.jpg,1
10642258.jpg,1
10642259.jpg,1
10642270.jpg,1
10642309.jpg,1
10642408.jpg,1
10642414.jpg,1
10642493.jpg,1
10673062.jpg,1
10673063.jpg,1
10673068.jpg,1
10673069.jpg,1
10673130.jpg,1
10711008.jpg,1
10711009.jpg,1
10711012.jpg,1
10711014.jpg,1
10711021.jpg,1
10711025.jpg,1
10711026.jpg,1
10711029.jpg,1
10717306.jpg,1
10719728.jpg,1
10719736.jpg,1
10719739.jpg,1
10719767.jpg,1
10719770.jpg,1
10719829.jpg,1
10719830.jpg,1
10719834.jpg,1
10720359.jpg,1
10720394.jpg,1
10720417.jpg,1
10720418.jpg,1
10720423.jpg,1
10720427.jpg,1
10720458.jpg,1
10720462.jpg,1
10720464.jpg,1
10722462.jpg,1
10722463.jpg,1
10730887.jpg,1
10730992.jpeg,1
10731249.jpeg,1
10732632.jpeg,1
10732636.jpeg,1
10733586.jpg,1
10734274.jpeg,1
10739345.jpg,1
10744166.jpeg,1
10744290.jpg,1
10744296.jpg,1
10744300.jpg,1
10744326.jpeg,1
10744448.jpg,1
10744449.jpg,1
10744451.jpg,1
10744454.jpg,1
10745133.jpg,1
10747469.jpg,1
10747647.jpg,1
10747696.jpg,1
10759068.jpg,1
10759624.jpg,1
10760873.jpg,1
10760886.jpg,1
10760887.jpg,1
10760888.jpg,1
10761330.jpg,1
10761331.jpg,1
10761337.jpg,1
10761453.jpg,1
10761912.jpg,1
10762175.jpeg,1
10762176.jpeg,1
10762361.jpeg,1
10762378.jpg,1
10814980.jpg,1
10823046.jpeg,1
10824721.jpg,1
10824722.jpeg,1
10827144.jpg,1
10926532.jpeg,1
10926987.jpg,1
10927619.jpeg,1
10927627.jpeg,1
10928256.jpeg,1
10928262.jpeg,1
10928263.jpeg,1
10928277.jpeg,1
10928781.bmp,1
10935156.jpg,1
10935162.jpg,1
10935169.jpg,1
10935170.jpg,1
10965770.jpeg,1
10998382.jpg,1
11033812.jpg,1
11033815.jpg,1
11033850.jpg,1
11033851.jpg,1
11033852.jpg,1
11033856.jpg,1
11033857.jpg,1
11033858.jpg,1
11033860.jpg,1
11033861.jpg,1
11038142.jpg,1
11038175.jpg,1
11045440.jpeg,1
11045441.jpeg,1
11047905.png,1
11049131.jpg,1
11052971.jpg,1
11052989.jpg,1
11053121.jpg,1
11053133.jpg,1
11053134.jpg,1
11053142.jpeg,1
11055115.jpg,1
11055116.jpg,1
11055131.jpg,1
11055185.jpg,1
11055186.jpg,1
11055213.jpg,1
11055216.jpg,1
11055217.jpg,1
11055799.jpg,1
11061720.jpg,1
11063193.jpg,1
11071929.jpg,1
11079325.jpg,1
11079766.jpg,1
11084900.jpg,1
11085020.jpg,1
11085861.jpg,1
11085966.jpg,1
11086153.jpg,1
11086237.png,1
11087251.jpg,1
11087274.jpeg,1
11087449.jpg,1
11093818.jpeg,1
11093824.jpeg,1
11108869.png,1
11114309.jpg,1
11114368.jpg,1
11114381.jpg,1
11114644.jpg,1
11114709.jpg,1
11114712.jpg,1
11114721.jpg,1
11123284.jpg,1
11123303.jpg,1
11123306.jpg,1
11123311.jpg,1
11123312.jpg,1
11128300.jpg,1
11128371.jpg,1
11128374.jpg,1
11128386.jpg,1
11128442.jpg,1
11128453.jpg,1
11128457.jpg,1
11128544.jpg,1
11128545.jpg,1
11128555.jpg,1
11128556.jpg,1
11128559.jpg,1
11128560.jpg,1
11129431.jpg,1
11129474.jpg,1
11129922.jpg,1
11130419.jpg,1
11130707.jpg,1
11130781.jpeg,1
11130908.jpg,1
11131229.jpg,1
11131255.jpg,1
11133051.jpg,1
11133457.jpg,1
11133458.jpg,1
11134002.jpeg,1
11134186.jpeg,1
11134958.jpg,1
11135010.jpg,1
11135021.jpg,1
11135030.jpg,1
11135031.jpg,1
11135032.jpg,1
11135092.jpg,1
11135197.jpg,1
11231596.jpg,1
11231863.jpg,1
11233153.jpeg,1
11233440.jpg,1
11233984.jpg,1
11234357.jpg,1
11235086.jpg,1
11235775.jpg,1
11243155.jpg,1
11243504.jpeg,1
11243507.jpeg,1
11243512.jpeg,1
11243658.jpeg,1
11243679.png,1
11243680.jpeg,1
11243681.jpeg,1
11245070.jpg,1
11245316.jpg,1
11245343.jpg,1
11246162.jpg,1
11304895.jpg,1
11307237.jpg,1
11307744.jpg,1
11311097.jpeg,1
11312644.jpg,1
11312645.jpg,1
11312747.jpg,1
11312782.jpg,1
11318346.jpeg,1
11318552.jpeg,1
11318708.jpeg,1
11318718.jpeg,1
11318910.jpeg,1
11318965.jpeg,1
11319004.jpeg,1
11319050.jpg,1
11320540.jpg,1
11320557.jpg,1
11320630.jpg,1
11320634.jpg,1
11320638.jpg,1
11320737.jpg,1
11320958.jpg,1
11320974.jpg,1
11324574.jpeg,1
11325230.jpeg,1
11326351.jpg,1
11326352.jpg,1
11327442.jpg,1
11327497.jpg,1
11327504.jpg,1
11327505.jpg,1
11327508.jpg,1
11327556.jpg,1
11327592.jpg,1
11327595.jpg,1
11327632.jpg,1
11332865.jpg,1
11332866.jpg,1
11332867.jpg,1
11332868.jpg,1
11332869.jpg,1
11332870.jpg,1
11332871.jpg,1
11332875.jpg,1
11332882.jpg,1
11332960.jpg,1
11332961.jpg,1
11332962.jpg,1
11367727.jpg,1
11373061.jpg,1
11373062.jpg,1
11373104.jpg,1
11380268.jpeg,1
11385563.jpg,1
11385564.jpg,1
11411514.jpg,1
11416508.jpg,1
11418478.jpg,1
11418501.jpg,1
11418502.jpg,1
11418556.jpg,1
11418593.jpg,1
11418601.jpg,1
11418635.jpg,1
11424003.jpg,1
11424057.jpg,1
11424062.jpg,1
11424069.jpg,1
11424070.jpg,1
11424071.jpg,1
11424075.jpg,1
11424085.jpg,1
11424086.jpg,1
11431063.jpg,1
11431178.jpg,1
11431181.jpg,1
11431400.jpg,1
11431598.jpg,1
11431599.jpg,1
11431600.jpg,1
11431601.jpg,1
11432053.jpg,1
11432685.jpg,1
11438110.jpg,1
11441278.jpg,1
11441315.jpg,1
11441370.jpg,1
11441371.jpg,1
11441372.jpg,1
11441373.jpg,1
11441375.jpg,1
11441424.jpg,1
11450156.jpg,1
11450994.jpg,1
11451062.jpg,1
11451775.jpeg,1
11451899.jpg,1
11451901.png,1
11451902.jpg,1
11451931.jpg,1
11453902.jpg,1
11459661.jpg,1
11463705.jpg,1
11463715.jpg,1
11463783.jpg,1
11469040.jpg,1
11469041.jpg,1
11469045.jpg,1
11469046.jpg,1
11469047.jpg,1
11469048.jpg,1
11477961.jpg,1
11478000.jpg,1
11478037.jpg,1
11478070.jpg,1
11478125.jpg,1
11478126.jpg,1
11478127.jpg,1
11480326.jpg,1
11480332.jpg,1
11481496.jpg,1
11482734.jpg,1
11489328.jpg,1
11489661.jpg,1
11495658.jpg,1
11495659.jpg,1
11495660.jpg,1
11499506.jpg,1
11504168.jpg,1
11504171.jpg,1
11504943.jpg,1
11505002.jpg,1
11505084.jpg,1
11505085.jpg,1
11505143.jpg,1
11505176.jpg,1
11505234.jpg,1
11505270.jpg,1
11505271.jpg,1
11505273.jpg,1
11506252.jpg,1
11507706.jpg,1
11507714.jpg,1
11507742.jpg,1
11508004.jpg,1
11508078.jpg,1
11509485.jpeg,1
11510539.jpg,1
11510586.jpg,1
11510623.jpg,1
11510637.jpg,1
11510677.jpg,1
11510678.jpg,1
11511012.jpg,1
11513822.jpg,1
11517076.jpg,1
11517078.jpg,1
11517080.jpg,1
11517085.jpg,1
11517554.jpg,1
11517764.jpg,1
11518057.jpg,1
11518110.jpg,1
11518119.jpg,1
11518120.jpg,1
11518277.jpg,1
11518466.jpg,1
11519534.jpg,1
11519552.jpg,1
11543228.jpg,1
11543813.jpeg,1
11543818.jpeg,1
11543830.jpeg,1
11543871.jpeg,1
11543872.jpeg,1
11543873.jpeg,1
11543901.jpeg,1
11543902.jpeg,1
11543903.jpeg,1
11543905.jpeg,1
11543953.jpeg,1
11543954.jpeg,1
11543955.jpeg,1
11554933.jpg,1
11556510.jpg,1
11556603.jpg,1
11557050.jpg,1
11558195.jpg,1
11558955.jpeg,1
11559036.jpg,1
11562166.jpg,1
11562169.jpg,1
11562722.jpg,1
11562856.jpg,1
11562947.jpg,1
11562956.jpg,1
11563268.jpeg,1
11563313.jpeg,1
11563353.jpeg,1
11563354.jpeg,1
11563357.jpeg,1
11563360.jpeg,1
11563371.jpeg,1
11563374.jpeg,1
11569756.png,1
11578724.jpeg,1
11578727.jpeg,1
11581363.png,1
11586402.png,1
11587656.jpg,1
11587811.jpeg,1
11587828.jpeg,1
11587938.jpeg,1
11587952.jpeg,1
11589002.jpeg,1
11591334.jpg,1
11592951.jpg,1
11593338.jpeg,1
11593357.jpeg,1
11595577.jpg,1
11595585.jpg,1
11595602.jpg,1
11595717.bmp,1
11596475.jpg,1
11597138.jpg,1
11598292.jpg,1
11598293.jpg,1
11598329.jpg,1
11598493.jpg,1
11598747.jpg,1
11598749.jpg,1
11598824.jpeg,1
11607674.jpg,1
11613160.jpg,1
8841944.jpg,1
8841952.jpg,1
8841953.jpg,1
8842115.jpg,1
8842118.jpg,1
8842152.jpg,1
8842153.jpg,1
8842154.jpg,1
8886632.jpeg,1
8887456.jpg,1
8916508.png,1
8918753.jpg,1
8918786.jpg,1
8920618.jpg,1
8923898.png,1
8924142.jpg,1
8924154.jpg,1
8935342.jpg,1
8935627.jpeg,1
8943479.jpg,1
8947307.jpeg,1
8947465.jpg,1
8947493.jpg,1
8947517.jpg,1
8947523.jpg,1
8959270.jpeg,1
8961980.jpg,1
8962177.jpg,1
8973503.jpg,1
8973515.jpg,1
8978129.jpg,1
8980966.jpeg,1
8982372.jpeg,1
8982429.jpeg,1
8985293.jpeg,1
8985383.jpeg,1
8985400.jpeg,1
8985449.jpeg,1
8985452.jpeg,1
8985455.jpeg,1
8985639.jpeg,1
8985663.png,1
8988526.jpeg,1
8991688.jpg,1
9000914.jpeg,1
9001133.jpeg,1
9005127.jpeg,1
9005428.jpg,1
9005429.jpg,1
9005463.jpg,1
9005709.jpg,1
9011943.jpeg,1
9013305.jpeg,1
9013338.jpeg,1
9013384.jpeg,1
9013549.jpeg,1
9013555.jpeg,1
9013620.jpeg,1
9013644.jpeg,1
9013734.jpeg,1
9013751.jpeg,1
9015500.jpeg,1
9017943.jpeg,1
9018146.jpeg,1
9018156.jpeg,1
9018177.jpeg,1
9018178.jpeg,1
9018179.jpeg,1
9021731.jpeg,1
9021743.jpeg,1
9023705.jpg,1
9023706.jpg,1
9023714.jpg,1
9024067.jpg,1
9024860.jpg,1
9032026.jpg,1
9032073.jpg,1
9032104.jpg,1
9032137.jpg,1
9034529.jpg,1
9034543.jpg,1
9039055.jpg,1
9039357.jpg,1
9039358.jpg,1
9039438.jpg,1
9044461.jpeg,1
9044471.jpeg,1
9044472.jpeg,1
9044480.jpeg,1
9044481.jpeg,1
9044482.jpeg,1
9044495.jpeg,1
9050560.jpg,1
9050598.jpg,1
9050616.jpg,1
9050728.jpg,1
9061612.jpg,1
9061675.jpg,1
9061718.jpeg,1
9061746.jpeg,1
9061747.jpeg,1
9064345.jpg,1
9064420.jpg,1
9065122.jpg,1
9065124.jpg,1
9065134.jpg,1
9065142.jpg,1
9066314.jpg,1
9067032.jpeg,1
9072750.jpg,1
9074124.jpg,1
9074228.jpg,1
9074318.jpg,1
9075336.jpeg,1
9076576.jpg,1
9076618.jpg,1
9076645.jpg,1
9076984.jpg,1
9079541.jpeg,1
9079542.jpeg,1
9079543.jpeg,1
9081631.jpg,1
9084415.jpg,1
9092599.jpg,1
9094123.jpg,1
9094646.jpg,1
9094650.jpg,1
9094831.jpg,1
9094869.jpg,1
9102130.png,1
9102524.png,1
9103845.jpg,1
9103856.jpg,1
9103857.jpg,1
9103963.jpg,1
9103971.jpg,1
9104397.jpg,1
9104399.jpg,1
9111900.jpg,1
9116795.jpg,1
9117611.jpg,1
9117640.jpg,1
9117852.jpg,1
9117900.jpg,1
9125092.jpg,1
9125886.jpg,1
9126039.jpg,1
9126040.jpg,1
9126138.jpg,1
9126300.jpg,1
9126390.jpg,1
9126414.jpg,1
9126415.jpg,1
9126418.jpg,1
9126419.jpg,1
9136167.jpg,1
9136173.jpg,1
9136174.jpg,1
9136175.jpg,1
9136189.jpg,1
9136191.jpg,1
9136289.jpg,1
9136299.jpg,1
9141307.jpg,1
9141308.jpg,1
9147435.jpg,1
9147439.jpg,1
9147448.jpg,1
9147449.jpg,1
9147450.jpg,1
9147461.jpg,1
9148027.jpeg,1
9148425.jpeg,1
9150083.jpg,1
9151338.jpg,1
9151390.jpg,1
9151391.jpg,1
9151412.jpg,1
9151971.jpg,1
9151972.jpg,1
9152030.jpg,1
9152061.jpg,1
9152074.jpg,1
9152104.jpg,1
9152105.jpg,1
9154448.jpg,1
9154449.jpg,1
9154451.jpg,1
9154452.jpg,1
9154453.jpg,1
9154454.jpg,1
9154459.jpg,1
9154460.jpg,1
9154461.jpg,1
9154467.jpg,1
9154468.jpg,1
9154496.jpg,1
9154543.jpg,1
9154884.jpg,1
9157646.jpg,1
9157648.jpg,1
9157660.jpg,1
9157665.jpg,1
9157678.jpg,1
9157715.jpg,1
9159009.jpg,1
9159010.jpg,1
9159040.jpg,1
9159044.jpg,1
9159070.jpg,1
9159103.jpg,1
9159128.jpg,1
9163492.jpg,1
9163493.jpg,1
9163523.jpg,1
9163568.jpg,1
9166051.jpg,1
9166053.jpg,1
9166054.jpg,1
9166056.jpg,1
9166061.jpg,1
9166077.jpg,1
9177254.jpg,1
9177634.jpg,1
9179157.jpg,1
9180463.jpeg,1
9180719.jpg,1
9183097.jpg,1
9183104.jpg,1
9183105.jpg,1
9183176.jpg,1
9183177.jpg,1
9183182.jpg,1
9183183.jpg,1
9183240.jpg,1
9185890.jpg,1
9187771.jpeg,1
9191140.jpg,1
9191168.jpg,1
9191210.jpg,1
9191213.jpg,1
9191254.jpg,1
9191255.jpg,1
9191256.jpg,1
9191268.jpg,1
9191269.jpg,1
9191296.jpg,1
9191414.jpg,1
9191415.jpg,1
9191428.jpg,1
9191520.jpg,1
9198308.jpg,1
9210505.jpeg,1
9210540.jpeg,1
9210542.jpeg,1
9210552.jpeg,1
9210614.jpeg,1
9210662.jpeg,1
9211161.jpg,1
9211174.jpg,1
9211216.jpg,1
9211217.jpg,1
9211218.jpg,1
9218730.jpg,1
9218742.jpg,1
9218798.jpg,1
9218961.jpg,1
9223223.jpg,1
9232047.jpg,1
9232051.jpg,1
9232076.jpg,1
9232093.jpg,1
9232094.jpg,1
9232100.jpg,1
9237455.jpg,1
9237497.jpg,1
9242164.jpg,1
9242169.jpg,1
9242173.jpg,1
9242224.jpg,1
9242226.jpg,1
9242286.jpg,1
9242287.jpg,1
9248829.jpg,1
9251116.jpg,1
9251133.jpg,1
9251670.jpg,1
9251760.jpg,1
9256638.jpg,1
9260664.jpg,1
9265490.jpeg,1
9270877.jpg,1
9273226.jpg,1
9273281.jpg,1
9273282.jpg,1
9273285.jpg,1
9273301.jpg,1
9285585.jpeg,1
9285586.jpeg,1
9285587.jpeg,1
9285588.jpeg,1
9285972.jpg,1
9286004.jpg,1
9286020.jpg,1
9286021.jpg,1
9286093.jpg,1
9287157.jpg,1
9287158.jpeg,1
9287566.jpg,1
9289050.jpg,1
9289051.jpg,1
9289375.jpg,1
9291702.jpeg,1
9296573.jpg,1
9296579.jpg,1
9296580.jpg,1
9296595.jpg,1
9298863.jpg,1
9298866.jpg,1
9298877.jpg,1
9298882.jpg,1
9305989.jpg,1
9306972.txt,1
9311438.jpeg,1
9311506.jpeg,1
9318877.jpg,1
9318878.jpg,1
9319672.jpg,1
9321717.jpeg,1
9322415.jpg,1
9326854.jpeg,1
9328047.jpg,1
9336148.jpeg,1
9336149.jpeg,1
9336154.jpeg,1
9336155.jpeg,1
9336156.jpeg,1
9337017.jpg,1
9338261.jpg,1
9342446.jpg,1
9342458.jpg,1
9342475.jpg,1
9342499.jpg,1
9345300.jpeg,1
9345302.jpeg,1
9345333.png,1
9349611.jpg,1
9352185.jpg,1
9352191.jpg,1
9352260.jpg,1
9352266.jpg,1
9352489.jpg,1
9353545.jpg,1
9358907.jpg,1
9358909.jpg,1
9358910.jpg,1
9358940.jpg,1
9358941.jpg,1
9359624.jpg,1
9359677.jpg,1
9360194.jpg,1
9360246.jpg,1
9363372.jpg,1
9365302.jpeg,1
9365346.jpeg,1
9365347.jpeg,1
9366772.jpg,1
9367907.jpeg,1
9368999.jpg,1
9369371.jpg,1
9369372.jpg,1
9369397.jpg,1
9369437.jpg,1
9369493.jpg,1
9369558.jpg,1
9369561.jpg,1
9371492.jpg,1
9371766.jpg,1
9373296.jpg,1
9373302.jpg,1
9373331.jpg,1
9373332.jpg,1
9373333.jpg,1
9373948.jpeg,1
9378416.jpg,1
9378593.jpg,1
9378671.jpg,1
9379441.jpg,1
9379445.jpg,1
9379451.jpg,1
9379460.jpg,1
9379537.jpg,1
9379538.jpg,1
9379549.jpg,1
9379751.jpg,1
9381063.jpeg,1
9381069.jpeg,1
9381070.jpeg,1
9384472.jpg,1
9389972.jpg,1
9391449.jpeg,1
9392144.jpg,1
9392160.jpg,1
9392161.jpg,1
9392162.jpg,1
9397247.jpeg,1
9397295.jpeg,1
9397441.jpeg,1
9397464.jpeg,1
9397521.jpeg,1
9397568.jpeg,1
9401422.jpg,1
9404487.jpeg,1
9404497.jpeg,1
9404498.jpeg,1
9404530.jpeg,1
9404531.jpeg,1
9404564.jpeg,1
9404943.jpg,1
9416029.jpg,1
9431845.jpeg,1
9431847.png,1
9431892.png,1
9432101.png,1
9451442.jpeg,1
9456142.jpg,1
9458280.jpg,1
9466095.jpg,1
9466154.jpg,1
9466390.jpg,1
9466643.jpg,1
9468377.jpg,1
9468941.png,1
9470833.jpg,1
9474317.jpg,1
9474596.jpg,1
9474640.jpg,1
9474661.jpg,1
9474801.jpg,1
9480703.jpg,1
9480705.jpg,1
9480707.jpg,1
9480747.jpg,1
9481142.jpg,1
9486384.jpg,1
9486447.jpg,1
9486467.jpg,1
9489047.jpeg,1
9493665.jpg,1
9496397.jpg,1
9498355.jpg,1
9498607.jpg,1
9498649.jpg,1
9501941.jpg,1
9501942.jpg,1
9502073.jpg,1
9502082.jpg,1
9502084.jpg,1
9512892.jpg,1
9516780.jpg,1
9516995.jpg,1
9524170.jpg,1
9524172.jpg,1
9524173.jpg,1
9524225.jpg,1
9524226.jpg,1
9533801.jpg,1
9533821.jpg,1
9533842.jpg,1
9533852.jpg,1
9533878.jpg,1
9534096.png,1
9534132.png,1
9534153.jpg,1
9534514.jpg,1
9535293.jpg,1
9535294.jpg,1
9537053.jpg,1
9539597.jpg,1
9540452.jpg,1
9540908.png,1
9540935.png,1
9540979.png,1
9541043.png,1
9541055.jpg,1
9541111.png,1
9544568.jpg,1
9544731.jpg,1
9545400.jpg,1
9545455.jpg,1
9545985.jpg,1
9547938.jpeg,1
9547939.jpeg,1
9547940.jpeg,1
9548238.jpg,1
9548240.jpg,1
9551786.jpg,1
9551933.jpg,1
9552299.jpg,1
9552312.jpg,1
9552868.jpg,1
9552987.jpg,1
9553454.jpg,1
9553492.jpg,1
9553586.jpg,1
9560230.jpg,1
9579134.jpg,1
9579137.jpg,1
9579285.jpg,1
9579296.jpg,1
9589148.jpg,1
9589153.jpg,1
9589201.jpg,1
9589210.jpg,1
9589231.jpg,1
9589257.jpg,1
9589455.jpg,1
9596486.jpeg,1
9596607.jpg,1
9596612.jpg,1
9596619.jpg,1
9602839.jpg,1
9602896.jpg,1
9602902.jpg,1
9602904.jpg,1
9602927.jpg,1
9602941.jpg,1
9602981.jpg,1
9602997.jpg,1
9603002.jpg,1
9603059.jpg,1
9603400.jpg,1
9609776.jpg,1
9610051.jpg,1
9616314.jpg,1
9616354.jpg,1
9624430.jpg,1
9643951.jpeg,1
9675462.jpg,1
9675463.jpg,1
9714691.jpg,1
9728987.jpg,1
9728992.jpg,1
9729181.jpg,1
9729182.jpg,1
9729183.jpg,1
9741945.jpg,1
9741946.jpg,1
9752774.jpeg,1
9752775.jpeg,1
9762686.jpg,1
9808159.jpg,1
9808281.jpg,1
9808315.jpg,1
9808316.jpg,1
9810069.jpg,1
9810070.jpg,1
9827564.jpeg,1
9827565.jpeg,1
9827567.jpeg,1
9827581.jpeg,1
9828049.jpg,1
9828477.jpg,1
9828527.jpg,1
9828533.jpg,1
9828836.jpg,1
9828959.jpg,1
9829729.jpg,1
9829966.jpeg,1
9830935.jpeg,1
9832285.jpg,1
9832383.jpg,1
9832384.jpg,1
9832386.jpg,1
9832403.jpg,1
9832404.jpg,1
9832405.jpg,1
9832406.jpg,1
9832408.jpg,1
9835197.jpeg,1
9854937.jpeg,1
9856681.jpg,1
9856683.jpg,1
9856684.jpg,1
9856752.jpg,1
9856761.jpg,1
9856763.jpg,1
9856772.jpg,1
9856780.jpg,1
9856786.jpg,1
9856787.jpg,1
9858276.jpg,1
9860599.jpeg,1
9863001.jpeg,1
9864285.jpg,1
9868490.jpg,1
9868642.jpg,1
9868656.jpg,1
9870259.jpg,1
9871270.jpg,1
9871300.jpg,1
9873102.jpg,1
9873187.jpg,1
9873193.jpg,1
9873194.jpg,1
9885556.jpg,1
9961558.jpeg,1
9961658.jpeg,1
9961664.jpeg,1
9975090.jpg,1
9975097.jpg,1
9975098.jpg,1
9975119.jpg,1
9975123.jpg,1
9975124.jpg,1
10008243.jpg,0
10023448.jpg,0
10023478.jpg,0
10039306.jpg,0
10039398.jpeg,0
10039402.jpeg,0
10039516.jpg,0
10043512.jpeg,0
10043535.jpeg,0
10043536.jpeg,0
10043541.jpeg,0
10045958.jpg,0
10045967.jpg,0
10045970.jpg,0
10045975.jpg,0
10045988.jpg,0
10045989.jpg,0
10045990.jpg,0
10045996.jpg,0
10046059.jpg,0
10046293.png,0
10046321.jpg,0
10049567.jpg,0
10049568.jpg,0
10049697.jpg,0
10075745.jpg,0
10075810.jpg,0
10076002.jpg,0
10076004.jpg,0
10076167.jpg,0
10076204.jpg,0
10076303.jpg,0
10076308.jpg,0
10076379.jpg,0
10076528.jpg,0
10076539.jpg,0
10081262.jpg,0
10081293.jpg,0
10081334.jpg,0
10081344.jpg,0
10081378.jpg,0
10081381.jpg,0
10081406.jpg,0
10084844.jpg,0
10087210.jpg,0
10087212.jpg,0
10087229.jpg,0
10087251.jpg,0
10087289.jpg,0
10089392.jpeg,0
10089394.jpeg,0
10089630.jpg,0
10089793.jpg,0
10090152.jpg,0
10109486.jpg,0
10109564.jpg,0
10110666.jpg,0
10110712.jpg,0
10139753.jpg,0
10139952.jpg,0
10139953.jpg,0
10140021.jpg,0
10148611.jpg,0
10148612.jpg,0
10148613.jpg,0
10148628.jpg,0
10148629.jpg,0
10152225.jpg,0
10152621.jpg,0
10156178.jpg,0
10180439.jpg,0
10181811.jpg,0
10202659.jpg,0
10203184.jpg,0
10203224.jpg,0
10203342.jpg,0
10203343.jpg,0
10205944.jpg,0
10206030.jpg,0
10206302.jpg,0
10232099.jpg,0
10234615.jpeg,0
10235215.jpg,0
10260422.jpg,0
10263209.jpg,0
10263210.jpg,0
10300912.jpg,0
10306119.jpg,0
10307072.jpg,0
10307464.jpg,0
10309412.jpg,0
10331942.jpg,0
10331943.jpg,0
10368096.jpg,0
10369331.jpg,0
10396253.jpg,0
10396286.jpg,0
10399345.jpg,0
10399395.jpg,0
10399397.jpg,0
10399424.jpg,0
10474069.jpg,0
10474070.jpg,0
10474074.jpg,0
10474075.jpg,0
10474078.jpg,0
10474084.jpg,0
10500104.jpg,0
10500116.jpg,0
10504818.jpg,0
10506106.jpg,0
10532336.jpg,0
10532337.jpg,0
10532386.jpg,0
10532387.jpg,0
10532979.jpeg,0
10533327.jpeg,0
10533379.jpeg,0
10533404.jpeg,0
10547605.jpg,0
10605083.jpg,0
10641374.jpg,0
10642194.jpg,0
10642237.jpg,0
10642239.jpg,0
10642407.jpg,0
10673070.jpg,0
10673140.jpg,0
10719678.jpg,0
10719810.jpg,0
10719833.jpg,0
10720463.jpg,0
10730889.jpg,0
10731262.jpg,0
10732242.jpg,0
10732704.jpeg,0
10733589.jpg,0
10734273.jpeg,0
10734857.jpg,0
10738214.jpg,0
10743287.jpg,0
10743451.jpg,0
10744406.jpg,0
10744450.jpg,0
10747438.jpg,0
10747592.jpg,0
10747798.jpg,0
10753319.jpg,0
10754588.jpg,0
10760885.jpg,0
10762404.jpg,0
10814917.jpg,0
10838251.jpeg,0
10927618.jpeg,0
10937047.jpg,0
10937057.jpg,0
10937068.jpg,0
10937071.jpg,0
10937103.jpg,0
11033805.jpg,0
11033809.jpg,0
11038179.jpg,0
11038833.jpeg,0
11045430.jpeg,0
11045434.jpeg,0
11045444.jpeg,0
11048000.jpg,0
11048389.jpg,0
11048392.jpg,0
11048393.jpg,0
11049355.jpg,0
11052826.jpg,0
11053096.jpg,0
11055132.jpg,0
11055133.jpg,0
11055134.jpg,0
11055135.jpg,0
11055191.jpg,0
11055194.jpg,0
11055203.jpg,0
11055208.jpg,0
11055225.jpg,0
11055228.jpg,0
11068045.jpg,0
11069562.jpg,0
11069892.jpg,0
11069912.jpg,0
11071390.jpg,0
11071422.jpeg,0
11071429.jpg,0
11077984.jpg,0
11077989.jpg,0
11078073.jpg,0
11079598.jpg,0
11087169.jpg,0
11087276.jpg,0
11096369.jpg,0
11107957.jpg,0
11111683.jpg,0
11114149.jpg,0
11114241.jpg,0
11114250.jpg,0
11114719.jpg,0
11115050.jpg,0
11128269.jpg,0
11128436.jpg,0
11128540.jpg,0
11128546.jpg,0
11128554.jpg,0
11128710.jpg,0
11128711.jpg,0
11128712.jpg,0
11129475.jpg,0
11129476.jpg,0
11129976.jpg,0
11130805.jpeg,0
11130942.jpg,0
11134956.jpg,0
11134991.jpg,0
11134996.jpg,0
11135009.jpg,0
11135011.jpg,0
11136921.jpeg,0
11231618.jpg,0
11231664.jpg,0
11231665.jpg,0
11231716.jpg,0
11231743.jpg,0
11231744.jpg,0
11231745.jpg,0
11231748.jpg,0
11231774.jpg,0
11231864.jpg,0
11231865.jpg,0
11231866.jpg,0
11233151.jpg,0
11233154.jpeg,0
11233889.jpg,0
11234001.jpg,0
11243081.jpg,0
11244054.jpg,0
11244825.jpg,0
11245003.jpg,0
11245074.jpg,0
11245209.jpg,0
11245258.jpg,0
11245340.jpg,0
11245341.jpg,0
11245391.jpg,0
11304831.jpg,0
11307236.jpg,0
11312653.jpg,0
11312656.jpg,0
11312663.jpg,0
11312749.jpg,0
11312765.jpg,0
11318274.jpeg,0
11318630.jpeg,0
11318635.jpeg,0
11318650.jpeg,0
11318790.jpeg,0
11318909.jpeg,0
11320948.jpeg,0
11320949.jpg,0
11320954.jpeg,0
11320975.jpeg,0
11326012.jpeg,0
11326788.jpg,0
11328455.jpg,0
11328456.jpg,0
11328468.jpg,0
11328504.jpg,0
11328505.jpg,0
11328509.jpg,0
11328510.jpg,0
11328673.jpeg,0
11332872.jpg,0
11332873.jpg,0
11332874.jpg,0
11332876.jpg,0
11332877.jpg,0
11332884.jpg,0
11367575.jpg,0
11373060.jpg,0
11413459.jpeg,0
11414903.jpg,0
11416443.jpg,0
11416445.jpg,0
11416449.jpg,0
11416450.jpg,0
11418516.jpg,0
11418592.jpg,0
11418597.jpg,0
11418603.jpg,0
11420893.jpeg,0
11423982.jpg,0
11423987.jpg,0
11423991.jpg,0
11424083.jpg,0
11429745.jpg,0
11430691.jpeg,0
11431452.jpg,0
11440196.jpg,0
11441245.jpg,0
11441246.jpg,0
11441423.jpg,0
11451773.jpg,0
11459658.jpg,0
11459660.jpg,0
11477997.jpg,0
11478061.jpg,0
11479960.jpg,0
11480327.jpg,0
11480330.jpg,0
11480331.jpg,0
11480489.jpg,0
11483017.jpg,0
11489577.jpg,0
11489592.jpg,0
11489688.jpg,0
11498270.jpeg,0
11498297.jpeg,0
11498516.jpeg,0
11504172.jpg,0
11504857.jpg,0
11504934.jpg,0
11504935.jpg,0
11505001.jpg,0
11505043.jpg,0
11505048.jpg,0
11505175.jpg,0
11505195.jpg,0
11505208.jpg,0
11505268.jpg,0
11505269.jpg,0
11506087.jpg,0
11506542.jpg,0
11510761.jpg,0
11511011.jpg,0
11513313.jpg,0
11513804.jpg,0
11513805.jpg,0
11513827.jpg,0
11517082.jpg,0
11517527.jpg,0
11517535.jpg,0
11518109.jpg,0
11518179.jpg,0
11518241.jpg,0
11518281.jpg,0
11518299.jpg,0
11518928.jpg,0
11519467.jpg,0
11519538.jpg,0
11543817.jpeg,0
11543904.jpeg,0
11543956.jpeg,0
11546711.jpeg,0
11554378.jpg,0
11554498.jpg,0
11554567.jpg,0
11555079.jpg,0
11555096.jpg,0
11555100.jpg,0
11555474.jpeg,0
11556596.jpg,0
11556597.jpg,0
11556601.jpg,0
11556602.jpg,0
11558975.jpeg,0
11559056.jpg,0
11559060.jpg,0
11561550.jpeg,0
11562165.jpg,0
11562948.jpg,0
11562968.jpg,0
11581313.png,0
11586283.jpg,0
11586541.jpg,0
11587935.jpeg,0
11589517.jpg,0
11594308.jpeg,0
11595574.jpg,0
11595575.jpg,0
11595612.jpg,0
11595700.jpg,0
11595816.jpg,0
11597286.jpg,0
11598147.jpg,0
11598153.jpg,0
11598159.jpg,0
11598283.jpg,0
11598287.jpg,0
11598304.jpg,0
11598739.jpg,0
7954053.jpeg,0
8796279.jpg,0
8806886.jpg,0
8863106.jpg,0
8865934.jpeg,0
8886932.jpg,0
8887108.jpg,0
8888546.jpeg,0
8897440.jpeg,0
8918680.jpg,0
8920657.jpg,0
8924124.jpg,0
8933648.jpeg,0
8938769.jpeg,0
8947627.jpeg,0
8961891.jpg,0
8961956.jpeg,0
8961957.jpg,0
8961958.jpg,0
8961975.jpg,0
8961979.jpg,0
8962042.jpg,0
8962104.jpg,0
8965720.jpeg,0
8973501.jpg,0
8973514.jpg,0
8974463.jpg,0
9003502.jpg,0
9005591.jpg,0
9005607.jpg,0
9005608.jpg,0
9005613.jpg,0
9011908.jpeg,0
9011951.jpg,0
9013966.jpg,0
9014148.jpg,0
9023695.jpg,0
9027583.jpeg,0
9029215.jpg,0
9029226.jpg,0
9032015.jpg,0
9032060.jpg,0
9034549.jpg,0
9034592.jpg,0
9034593.jpg,0
9034596.jpg,0
9034667.jpg,0
9037827.jpg,0
9039361.jpg,0
9039402.jpg,0
9039411.jpg,0
9039436.jpg,0
9039437.jpg,0
9039439.jpg,0
9044086.jpg,0
9052429.jpg,0
9056305.jpg,0
9061455.jpg,0
9061458.jpg,0
9061491.jpg,0
9061527.jpg,0
9061528.jpg,0
9061597.jpg,0
9061611.jpg,0
9061614.jpg,0
9061667.jpg,0
9061668.jpg,0
9065106.jpg,0
9065133.jpg,0
9065146.jpg,0
9066326.jpg,0
9074014.jpeg,0
9074178.jpg,0
9074192.jpg,0
9074255.jpg,0
9074262.jpg,0
9074296.jpg,0
9079578.jpg,0
9079579.jpg,0
9079592.jpg,0
9079605.jpg,0
9079606.jpg,0
9079635.jpg,0
9079943.jpg,0
9081761.jpg,0
9081868.jpg,0
9094659.jpg,0
9094720.jpg,0
9094766.jpg,0
9094817.jpg,0
9094897.jpg,0
9094916.jpg,0
9097722.jpg,0
9102570.jpeg,0
9103235.jpg,0
9103846.jpg,0
9103961.jpg,0
9103964.jpg,0
9103967.jpg,0
9103968.jpg,0
9104371.jpg,0
9104372.jpg,0
9113038.jpg,0
9116697.jpg,0
9117570.jpg,0
9117593.jpg,0
9125122.jpg,0
9126416.jpg,0
9126426.jpg,0
9126428.jpg,0
9126456.jpg,0
9126469.jpg,0
9126470.jpg,0
9126483.jpg,0
9136122.jpg,0
9136147.jpg,0
9136177.jpg,0
9136190.jpg,0
9136285.jpg,0
9136288.jpg,0
9141303.jpg,0
9141623.jpg,0
9145740.jpg,0
9145871.jpg,0
9147434.jpg,0
9147440.jpg,0
9147441.jpg,0
9147442.jpg,0
9147444.jpg,0
9147445.jpg,0
9147446.jpg,0
9147447.jpg,0
9147451.jpg,0
9147452.jpg,0
9148302.jpeg,0
9151346.jpg,0
9151946.jpg,0
9152004.jpg,0
9152005.jpg,0
9154447.jpg,0
9154450.jpg,0
9154883.jpg,0
9157647.jpg,0
9157729.jpg,0
9157778.jpg,0
9157831.jpg,0
9157832.jpg,0
9157834.jpg,0
9157835.jpg,0
9157904.jpg,0
9158112.jpg,0
9158802.jpg,0
9160299.jpg,0
9163065.jpg,0
9163465.jpg,0
9163509.jpg,0
9165271.jpg,0
9166052.jpg,0
9166057.jpg,0
9166070.jpg,0
9177237.jpg,0
9178606.jpg,0
9179172.jpg,0
9183086.jpg,0
9185674.jpg,0
9185907.jpg,0
9185928.jpg,0
9186746.jpg,0
9188770.jpg,0
9191139.jpg,0
9191270.jpg,0
9191416.jpg,0
9191432.jpg,0
9205174.jpg,0
9210507.jpeg,0
9210561.jpeg,0
9210613.jpeg,0
9210658.jpeg,0
9211169.jpg,0
9211215.jpg,0
9211219.jpg,0
9218792.jpg,0
9218796.jpg,0
9218819.jpg,0
9218892.jpg,0
9218952.jpg,0
9219225.jpeg,0
9221604.jpg,0
9223998.jpg,0
9232016.jpg,0
9232075.jpg,0
9232082.jpg,0
9233175.jpg,0
9234924.jpg,0
9241773.jpg,0
9242172.jpg,0
9242175.jpg,0
9242230.jpg,0
9242245.jpg,0
9242878.jpg,0
9242909.jpg,0
9251626.jpg,0
9251645.jpg,0
9251667.jpg,0
9251683.jpg,0
9251737.jpg,0
9251783.jpg,0
9254230.jpg,0
9255530.jpeg,0
9257408.jpeg,0
9262002.jpg,0
9273215.jpg,0
9273218.jpg,0
9273222.jpg,0
9273232.jpg,0
9273286.jpg,0
9273287.jpg,0
9273302.jpg,0
9287529.jpg,0
9288654.jpeg,0
9289308.jpg,0
9289316.jpg,0
9289326.jpg,0
9289366.jpg,0
9289374.jpg,0
9289421.jpg,0
9289423.jpg,0
9289469.jpg,0
9289542.jpg,0
9294595.jpg,0
9296293.jpg,0
9296438.jpg,0
9296552.jpg,0
9296554.jpg,0
9296575.jpg,0
9296578.jpg,0
9296581.jpg,0
9296582.jpg,0
9296589.jpg,0
9297267.jpg,0
9298956.jpg,0
9299344.jpg,0
9299345.jpg,0
9306759.jpg,0
9307652.jpg,0
9307696.jpg,0
9307699.jpg,0
9307723.jpg,0
9307846.jpg,0
9307907.jpg,0
9307910.jpg,0
9307913.jpg,0
9307915.jpg,0
9307916.jpg,0
9307935.jpg,0
9307943.jpg,0
9308251.jpeg,0
9309320.jpg,0
9309524.jpg,0
9310543.jpg,0
9310568.jpg,0
9310570.jpg,0
9310571.jpg,0
9310572.jpg,0
9310573.jpg,0
9310632.jpg,0
9311419.jpeg,0
9311420.jpeg,0
9311548.jpeg,0
9311549.jpeg,0
9315388.jpg,0
9317076.jpg,0
9318228.jpg,0
9320487.jpg,0
9321756.jpeg,0
9322182.jpg,0
9322459.jpg,0
9322460.jpg,0
9322461.jpg,0
9322462.jpg,0
9322463.jpg,0
9322464.jpg,0
9322471.jpg,0
9322478.jpg,0
9326904.jpeg,0
9336139.jpeg,0
9336147.jpeg,0
9336713.jpg,0
9336730.jpg,0
9336760.jpg,0
9336765.jpg,0
9336768.jpg,0
9336772.jpg,0
9336803.jpg,0
9342454.jpg,0
9342474.jpg,0
9342480.jpg,0
9342483.jpg,0
9342498.jpg,0
9342502.jpg,0
9342931.jpg,0
9345903.jpg,0
9345907.jpg,0
9349484.jpg,0
9352075.jpg,0
9352125.jpg,0
9352186.jpg,0
9352263.jpg,0
9352264.jpg,0
9352265.jpg,0
9358022.jpg,0
9358903.jpg,0
9359399.jpg,0
9359512.jpg,0
9359616.jpg,0
9359628.jpg,0
9359631.jpg,0
9360621.jpg,0
9362348.jpg,0
9365303.jpeg,0
9365342.jpeg,0
9365343.jpeg,0
9365344.jpeg,0
9365345.jpeg,0
9365348.jpeg,0
9368385.jpg,0
9368386.jpg,0
9368487.jpg,0
9368935.jpg,0
9368937.jpg,0
9369385.jpg,0
9369570.jpg,0
9369576.jpg,0
9369883.jpg,0
9371489.jpg,0
9373970.jpg,0
9373971.jpg,0
9378576.jpg,0
9378577.jpg,0
9378628.jpg,0
9378668.jpg,0
9378706.jpg,0
9378707.jpg,0
9378709.jpg,0
9379068.jpg,0
9379337.jpg,0
9379442.jpg,0
9379457.jpg,0
9379552.jpg,0
9379662.jpg,0
9379765.jpg,0
9379794.jpg,0
9379795.jpg,0
9379800.jpg,0
9380459.jpg,0
9381062.jpeg,0
9381065.jpeg,0
9381066.jpeg,0
9381067.jpeg,0
9381068.jpg,0
9381072.jpeg,0
9381642.jpeg,0
9384431.jpg,0
9391044.png,0
9392143.jpg,0
9392163.jpg,0
9392165.jpg,0
9392219.jpg,0
9392246.jpg,0
9395180.jpg,0
9395181.jpeg,0
9395196.jpg,0
9395197.jpg,0
9395257.jpg,0
9397515.jpeg,0
9400851.jpg,0
9401676.jpg,0
9401677.jpg,0
9401718.jpg,0
9401832.jpg,0
9403086.jpg,0
9404346.jpeg,0
9404482.jpeg,0
9404556.jpeg,0
9406384.jpg,0
9416051.jpg,0
9416159.jpg,0
9416211.jpg,0
9416298.jpg,0
9416383.jpg,0
9416414.jpg,0
9416415.jpg,0
9431850.jpeg,0
9431896.png,0
9432551.jpeg,0
9451479.jpeg,0
9456096.jpg,0
9456111.jpg,0
9456141.jpg,0
9456196.jpg,0
9458284.jpg,0
9458294.jpg,0
9458295.jpg,0
9460324.jpg,0
9460879.jpg,0
9460916.jpg,0
9460949.jpg,0
9463168.jpeg,0
9464703.jpg,0
9464706.jpg,0
9464774.jpg,0
9465342.jpeg,0
9465343.jpeg,0
9465800.jpg,0
9466138.jpg,0
9466139.jpg,0
9466142.jpg,0
9466166.jpg,0
9466171.jpg,0
9466214.jpg,0
9466245.jpg,0
9466283.jpg,0
9466509.jpg,0
9466547.jpg,0
9466640.jpg,0
9467332.jpg,0
9468501.jpg,0
9470766.jpg,0
9471344.jpg,0
9471404.jpg,0
9473194.jpg,0
9474164.jpg,0
9474619.jpg,0
9474643.jpg,0
9474690.jpg,0
9480082.jpeg,0
9480391.jpeg,0
9480394.jpeg,0
9480542.jpg,0
9480597.jpg,0
9480603.jpg,0
9480641.jpg,0
9480664.jpg,0
9480704.jpg,0
9480894.jpg,0
9486376.jpg,0
9486451.jpg,0
9486466.jpg,0
9486813.jpg,0
9487833.jpg,0
9489046.jpeg,0
9489805.jpg,0
9489826.jpg,0
9493442.jpg,0
9493443.jpg,0
9493483.jpg,0
9493484.jpg,0
9493655.jpg,0
9493661.jpg,0
9493662.jpg,0
9493664.jpg,0
9493693.jpg,0
9493709.jpg,0
9493713.jpg,0
9493716.jpg,0
9496407.jpg,0
9496470.jpg,0
9498352.jpg,0
9498458.jpg,0
9498463.jpg,0
9498918.jpg,0
9500733.jpg,0
9501801.jpg,0
9501943.jpg,0
9502045.jpg,0
9507586.jpg,0
9510209.jpeg,0
9510496.jpeg,0
9510498.jpeg,0
9515038.jpg,0
9524134.jpeg,0
9524224.jpg,0
9524231.jpeg,0
9525349.jpg,0
9525352.jpg,0
9526676.jpg,0
9527339.jpg,0
9533731.jpg,0
9533740.jpg,0
9533797.jpg,0
9533879.jpg,0
9533942.jpeg,0
9534152.jpg,0
9534515.jpg,0
9534516.jpg,0
9537294.jpg,0
9539115.jpg,0
9539116.jpg,0
9539246.jpg,0
9539258.jpg,0
9539259.jpg,0
9539260.jpg,0
9539261.jpg,0
9539263.jpg,0
9539279.jpg,0
9539469.jpg,0
9539471.jpg,0
9539489.jpg,0
9539509.jpg,0
9539535.jpg,0
9539584.jpg,0
9539585.jpg,0
9541110.jpg,0
9543537.jpg,0
9544209.jpg,0
9544471.jpg,0
9544490.jpg,0
9544606.jpg,0
9544627.jpg,0
9544636.jpg,0
9544724.jpg,0
9545390.jpg,0
9547936.jpeg,0
9547937.jpeg,0
9547941.jpeg,0
9547946.jpeg,0
9547947.jpeg,0
9547948.jpeg,0
9548038.jpg,0
9548239.jpg,0
9552313.jpg,0
9552790.jpg,0
9553585.jpg,0
9553617.jpg,0
9579175.jpg,0
9579236.jpg,0
9589056.jpg,0
9589432.jpg,0
9589433.jpg,0
9589461.jpg,0
9589462.jpg,0
9589495.jpg,0
9589520.jpg,0
9596391.jpeg,0
9596423.jpg,0
9596424.jpeg,0
9602982.jpg,0
9609623.jpg,0
9609624.jpg,0
9624429.jpg,0
9629826.jpg,0
9645123.jpg,0
9645319.jpg,0
9646930.jpeg,0
9646937.jpeg,0
9646938.jpeg,0
9646939.jpeg,0
9647090.jpeg,0
9647107.jpeg,0
9647141.jpeg,0
9647144.jpeg,0
9647145.jpeg,0
9656922.jpg,0
9657879.jpg,0
9658456.jpeg,0
9658463.jpeg,0
9658465.jpeg,0
9658491.jpeg,0
9658497.jpeg,0
9658526.jpeg,0
9729192.jpg,0
9730592.jpg,0
9752748.jpeg,0
9762701.jpg,0
9808979.jpg,0
9809985.jpg,0
9809986.jpg,0
9809987.jpg,0
9810011.jpg,0
9810018.jpg,0
9810178.jpg,0
9811408.jpeg,0
9811412.jpeg,0
9811548.jpg,0
9811549.jpeg,0
9827582.jpg,0
9827665.jpeg,0
9828500.jpg,0
9829967.jpeg,0
9830936.jpeg,0
9834985.jpeg,0
9835127.jpeg,0
9868526.jpg,0
9868536.jpg,0
9868616.jpg,0
9870894.jpg,0
9873096.jpg,0
9873097.jpg,0
9873101.jpg,0
9873148.jpg,0
9873149.jpg,0
9873152.jpg,0
9873180.jpg,0
9873190.jpg,0
9961334.jpeg,0
9961463.jpeg,0
9961499.jpeg,0
9961502.jpeg,0
9961539.jpeg,0
9961550.jpeg,0
9961565.jpeg,0
9961578.jpeg,0
9961675.jpeg,0
9961710.jpeg,0
9961711.jpeg,0
9961728.jpeg,0
9961729.jpeg,0
9975083.jpg,0
9975120.jpg,0
